{"cameraMode":{"drawMode":0,"name":"Shaded","section":"Shading Mode"},"sceneLighting":false,"audioPlay":false,"sceneViewState":{"m_AlwaysRefresh":false,"showFog":true,"showSkybox":false,"showFlares":true,"showImageEffects":true,"showParticleSystems":true,"showVisualEffectGraphs":true,"m_FxEnabled":true},"in2DMode":false,"pivot":{"x":675.7142333984375,"y":146.70314025878907,"z":187.63157653808595},"rotation":{"x":-0.04797248914837837,"y":0.01947621814906597,"z":0.0009355826186947525,"w":0.9986580014228821},"size":229.72320556640626,"orthographic":true}