{"cameraMode":{"drawMode":0,"name":"Shaded","section":"Shading Mode"},"sceneLighting":false,"audioPlay":false,"sceneViewState":{"m_AlwaysRefresh":false,"showFog":true,"showSkybox":false,"showFlares":true,"showImageEffects":true,"showParticleSystems":true,"showVisualEffectGraphs":true,"m_FxEnabled":true},"in2DMode":false,"pivot":{"x":-0.22519941627979279,"y":0.7111579775810242,"z":0.35547778010368349},"rotation":{"x":-0.11843903362751007,"y":0.7696638107299805,"z":-0.1496185064315796,"w":-0.6092706918716431},"size":0.580605685710907,"orthographic":false}