{"cameraMode":{"drawMode":0,"name":"Shaded","section":"Shading Mode"},"sceneLighting":false,"audioPlay":false,"sceneViewState":{"m_AlwaysRefresh":false,"showFog":true,"showSkybox":false,"showFlares":true,"showImageEffects":true,"showParticleSystems":true,"showVisualEffectGraphs":true,"m_FxEnabled":true},"in2DMode":false,"pivot":{"x":-0.18174318969249726,"y":0.17760741710662843,"z":-0.1041613444685936},"rotation":{"x":-0.04028402641415596,"y":-0.8232473731040955,"z":0.05887657031416893,"w":-0.5632327198982239},"size":0.2033987045288086,"orthographic":false}