{"cameraMode":{"drawMode":0,"name":"Shaded","section":"Shading Mode"},"sceneLighting":false,"audioPlay":false,"sceneViewState":{"m_AlwaysRefresh":false,"showFog":true,"showSkybox":false,"showFlares":true,"showImageEffects":true,"showParticleSystems":true,"showVisualEffectGraphs":true,"m_FxEnabled":true},"in2DMode":false,"pivot":{"x":-0.007478207349777222,"y":0.8561529517173767,"z":-0.44875064492225649},"rotation":{"x":-0.005115989129990339,"y":-0.979409396648407,"z":0.20047220587730409,"w":-0.02501404657959938},"size":1.2272018194198609,"orthographic":false}