{"cameraMode":{"drawMode":0,"name":"Shaded","section":"Shading Mode"},"sceneLighting":true,"audioPlay":false,"sceneViewState":{"m_AlwaysRefresh":false,"showFog":true,"showSkybox":true,"showFlares":true,"showImageEffects":true,"showParticleSystems":true,"showVisualEffectGraphs":true,"m_FxEnabled":true},"in2DMode":false,"pivot":{"x":-1.2183222770690919,"y":0.15549525618553163,"z":0.27130600810050967},"rotation":{"x":0.0021940746810287239,"y":0.9882172346115112,"z":-0.15238824486732484,"w":0.014229713939130307},"size":8.814382553100586,"orthographic":false}