{"cameraMode":{"drawMode":0,"name":"Shaded","section":"Shading Mode"},"sceneLighting":true,"audioPlay":false,"sceneViewState":{"m_AlwaysRefresh":false,"showFog":true,"showSkybox":true,"showFlares":true,"showImageEffects":true,"showParticleSystems":true,"showVisualEffectGraphs":true,"m_FxEnabled":true},"in2DMode":false,"pivot":{"x":-0.13723984360694886,"y":2.1589419841766359,"z":-1.4612011909484864},"rotation":{"x":-0.000686848012264818,"y":0.9908900260925293,"z":-0.13458885252475739,"w":-0.005055190995335579},"size":5.96976900100708,"orthographic":false}