{"cameraMode":{"drawMode":0,"name":"Shaded","section":"Shading Mode"},"sceneLighting":true,"audioPlay":false,"sceneViewState":{"m_AlwaysRefresh":false,"showFog":true,"showSkybox":true,"showFlares":true,"showImageEffects":true,"showParticleSystems":true,"showVisualEffectGraphs":true,"m_FxEnabled":true},"in2DMode":false,"pivot":{"x":18.898832321166993,"y":2.902402877807617,"z":114.95040130615235},"rotation":{"x":-0.003328218823298812,"y":0.9933174848556519,"z":-0.11071661114692688,"w":-0.030803145840764047},"size":1.9299317598342896,"orthographic":false}