{"cameraMode":{"drawMode":0,"name":"Shaded","section":"Shading Mode"},"sceneLighting":true,"audioPlay":false,"sceneViewState":{"m_AlwaysRefresh":false,"showFog":true,"showSkybox":true,"showFlares":true,"showImageEffects":true,"showParticleSystems":true,"showVisualEffectGraphs":true,"m_FxEnabled":true},"in2DMode":false,"pivot":{"x":-17.210124969482423,"y":-12.14344596862793,"z":118.20256042480469},"rotation":{"x":-0.15656661987304688,"y":0.7875105738639832,"z":-0.22304058074951173,"w":-0.5527717471122742},"size":23.610536575317384,"orthographic":false}