{"cameraMode":{"drawMode":0,"name":"Shaded","section":"Shading Mode"},"sceneLighting":false,"audioPlay":false,"sceneViewState":{"m_AlwaysRefresh":false,"showFog":true,"showSkybox":false,"showFlares":true,"showImageEffects":true,"showParticleSystems":true,"showVisualEffectGraphs":true,"m_FxEnabled":true},"in2DMode":false,"pivot":{"x":217.92510986328126,"y":220.69967651367188,"z":-34.992000579833987},"rotation":{"x":0.1817314177751541,"y":-0.5958114266395569,"z":0.14069987833499909,"w":0.7695809602737427},"size":3.8539557456970217,"orthographic":false}